id;first_name;last_name;email;gender;company;country;height;weight
1;Shanna;MacGlory;smacglory0@indiatimes.com;Female;Yodoo;Poland;140;88
2;Gaspar;Lain;glain1@va.gov;Male;Eazzy;Brazil;162;57
3;Reade;Blackmore;rblackmore2@yelp.com;Male;Vidoo;Russia;154;83
4;Nicole;Pickrill;npickrill3@microsoft.com;Female;Flashdog;Indonesia;140;87
5;Sascha;Golds;sgolds4@icq.com;Male;Jabbersphere;Sweden;148;54
6;Evin;Ivashkin;eivashkin5@miibeian.gov.cn;Male;Skajo;Mexico;171;88
7;Alisa;Chicchetto;achicchetto6@mail.ru;Female;Edgeify;Jamaica;172;68
8;Barris;Colafate;bcolafate7@hatena.ne.jp;Male;Yakijo;Iran;148;75
9;Hester;Jarvie;hjarvie8@cnn.com;Female;Photobean;China;160;52
10;Brooke;Lambrecht;blambrecht9@nifty.com;Male;Tagcat;Cyprus;153;53
11;Rufe;Kensall;rkensalla@51.la;Male;Topiczoom;Argentina;155;52
12;Rodolph;Dedam;rdedamb@alibaba.com;Male;Blogtag;Indonesia;142;93
13;Rochella;O'Dowgaine;rodowgainec@wordpress.com;Female;Mycat;Philippines;162;58
14;Jessie;Flott;jflottd@sun.com;Male;Katz;South Korea;175;61
15;Clareta;Adair;cadaire@patch.com;Female;Eidel;China;140;73
16;Rosanne;Notley;rnotleyf@cmu.edu;Female;Linkbridge;Haiti;154;71
17;Aprilette;Lamont;alamontg@altervista.org;Female;Mynte;Thailand;164;55
18;Gertruda;Lutton;bluttonh@blog.com;Male;Thoughtstorm;China;166;65
19;Jory;McFfaden;jmcffadeni@webs.com;Male;Thoughtworks;Canada;170;87
20;Rodolph;Measor;lmeasorj@ucsd.edu;Female;Brainlounge;Philippines;149;73
21;Viviyan;Ivain;vivaink@w3.org;Female;Yombu;Spain;159;56
22;Shae;Dark;sdarkl@nytimes.com;Male;Ailane;Portugal;171;85
23;Debee;Harewood;dharewoodm@patch.com;Female;Thoughtworks;Thailand;141;59
24;Ham;Jantzen;hjantzenn@odnoklassniki.ru;Male;Livepath;Syria;171;52
25;Jillene;Ronaghan;jronaghano@blogtalkradio.com;Female;Twitterwire;Russia;162;56
26;Muffin;Olsen;molsenp@xing.com;Female;Flashdog;Philippines;141;52
27;Gretna;Lugden;glugdenq@examiner.com;Female;Aibox;Yemen;170;71
28;Federico;Wenham;fwenhamr@mac.com;Male;Eayo;China;169;55
29;Gillian;Drysdale;gdrysdales@netlog.com;Female;Zava;Peru;140;70
30;Roger;Lepoidevin;rlepoidevint@goodreads.com;Male;Blogpad;Colombia;151;56
31;Noell;Toffano;ntoffano0@go.com;Female;Zooveo;Indonesia;151;73
32;Gertruda;Cudbertson;icudbertson1@nymag.com;Male;Edgetag;Japan;142;86
33;Giselle;Trubshaw;gtrubshaw2@hatena.ne.jp;Female;Oyoba;Indonesia;149;55
34;Bryon;Zimmermeister;bzimmermeister3@va.gov;Male;Skipstorm;China;154;68
35;Rodolph;Kollas;fkollas4@typepad.com;Female;Jabbercube;France;140;87
36;Irita;Kinchin;ikinchin5@bluehost.com;Female;Divavu;Croatia;172;69
37;Blondy;Zeale;bzeale6@goo.ne.jp;Female;Vinte;Greece;151;61
38;Almeta;Chrystie;achrystie7@behance.net;Female;Yodo;China;175;87
39;Anatol;Billett;abillett8@t.co;Male;Devcast;Russia;141;53
40;Christalle;McGrotty;cmcgrotty9@ebay.com;Female;Kanoodle;China;163;55
41;Luz;Souness;lsounessa@about.com;Female;Gigashots;Saudi Arabia;178;78
42;Saba;Cothey;scotheyb@apple.com;Female;Buzzbean;Ghana;179;62
43;Harland;Tallowin;htallowinc@mediafire.com;Male;Gigabox;Indonesia;157;92
44;Gertruda;Hallwell;dhallwelld@blogtalkradio.com;Male;DabZ;Russia;157;88
45;Irv;Benzi;ibenzie@odnoklassniki.ru;Male;Quire;Indonesia;176;90
46;Jillayne;Burberry;jburberryf@arizona.edu;Female;Topicware;Indonesia;143;68
47;Chastity;Jurgensen;cjurgenseng@unblog.fr;Female;Quimm;Belarus;177;77
48;Clarence;Sprules;csprulesh@issuu.com;Male;Blogtag;Kazakhstan;163;90
49;Rodolph;Nutbeam;mnutbeami@trellian.com;Male;Skyble;Poland;157;61
50;Zara;Kendell;zkendellj@cnet.com;Female;Wikibox;China;161;58
51;Elinor;Waggatt;ewaggattk@homestead.com;Female;Abata;South Korea;176;69
52;Eamon;Jellybrand;ejellybrandl@census.gov;Male;Centimia;China;145;72
53;Oliy;Exter;oexterm@youtu.be;Female;Yombu;Iran;147;73
54;Liam;Pendred;lpendredn@ibm.com;Male;Fivebridge;China;140;84
55;Griffy;Sellick;gsellicko@xinhuanet.com;Male;Bluejam;Czech Republic;149;46
56;Abrahan;Hourston;ahourstonp@goo.ne.jp;Male;Myworks;Portugal;180;50
57;Tedd;O'Bradden;tobraddenq@ftc.gov;Male;Topdrive;Greece;154;84
58;Edsel;Sowle;esowler@cnet.com;Male;Mudo;China;157;66
59;Gertruda;Yemm;gyemms@yandex.ru;Female;Trudeo;China;162;93
60;Alessandro;Helkin;ahelkint@ning.com;Male;Feedfire;Brazil;165;50
61;Rodolph;Scoyles;dscoyles1o@constantcontact.com;Female;Innotype;Brazil;180;58
62;Torie;Cansdill;tcansdill1p@imgur.com;Female;Ainyx;Indonesia;148;77
63;Marni;Spinney;mspinney1q@sogou.com;Female;Linktype;Namibia;156;92
64;Haily;Pert;hpert1r@mail.ru;Female;Quimm;Tuvalu;156;92
65;Janet;Danilishin;mdanilishin1s@mtv.com;Female;Topiczoom;China;173;85
66;Lana;Haydon;lhaydon1t@marketwatch.com;Female;Mydo;Syria;173;88
67;Westbrook;Brabban;wbrabban1u@imdb.com;Male;Ooba;China;143;58
68;Maximilian;Conkey;mconkey1v@rediff.com;Male;Cogilith;Russia;146;63
69;Janet;Fiveash;bfiveash1w@booking.com;Male;Voonyx;Azerbaijan;160;73
70;Wolfgang;Cottham;wcottham1x@mlb.com;Male;Edgewire;China;155;50
71;Gertruda;Durden;fdurden1y@noaa.gov;Male;Lazz;Philippines;142;76
72;Scotty;Roswarne;sroswarne1z@uol.com.br;Male;Brainlounge;Brazil;160;46
73;Janet;Fann;jfann20@4shared.com;Female;Midel;Indonesia;159;73
74;Even;Ritch;eritch21@reverbnation.com;Male;Flashspan;China;143;93
75;Idette;Bolino;ibolino22@google.com.br;Female;Blogspan;China;177;61
76;Mandel;Keatch;mkeatch23@patch.com;Male;Tambee;Syria;149;75
77;Gertruda;Salvadori;ssalvadori24@yahoo.co.jp;Male;Twitterbeat;United States;146;80
78;Gaspar;Ashby;gashby25@foxnews.com;Male;Skinix;Philippines;160;73
79;Klarrisa;Skiggs;kskiggs26@sciencedirect.com;Female;Zooveo;Indonesia;155;94
80;Bertram;Cabrera;bcabrera27@unicef.org;Male;Avaveo;South Africa;158;62
81;Heriberto;Bobasch;hbobasch28@google.ru;Male;Rooxo;China;140;48
82;Neda;Madsen;nmadsen29@illinois.edu;Female;Tagopia;Honduras;165;69
83;Godfree;Banister;gbanister2a@ucsd.edu;Male;Feedfish;Venezuela;145;69
84;Chickie;Mendenhall;cmendenhall2b@sina.com.cn;Female;Quire;China;154;75
85;Gertruda;O'dell;wodell2c@trellian.com;Male;Livefish;Nepal;170;56
86;Margery;Giannazzi;mgiannazzi2d@skyrock.com;Female;Pixope;Portugal;161;84
87;Winnie;Card;wcard2e@deliciousdays.com;Female;Skyndu;Kuwait;145;81
88;Normy;Rennolds;nrennolds2f@wufoo.com;Male;Npath;Bosnia and Herzegovina;178;78
89;Antonetta;Douglass;adouglass2g@addtoany.com;Female;Zoombeat;Brazil;141;68
90;Larisa;Linay;llinay2h@cisco.com;Female;Voolia;Philippines;178;66
91;Dunc;Thorburn;dthorburn2i@istockphoto.com;Male;Fliptune;Haiti;163;89
92;Pauli;Rosenfrucht;prosenfrucht2j@sfgate.com;Female;Topiclounge;Vietnam;148;78
93;Deeanne;Hatfull;dhatfull2k@quantcast.com;Female;Trilith;Russia;170;74
94;Eachelle;Braganza;ebraganza2l@oracle.com;Female;Feedmix;Ukraine;140;47
95;Janet;Storre;estorre2m@arstechnica.com;Male;Demizz;Nigeria;168;77
96;Laird;Creedland;lcreedland2n@godaddy.com;Male;Plambee;Brazil;153;54
97;Corabelle;O' Mulderrig;comulderrig2o@hostgator.com;Female;Topiczoom;China;169;56
98;Katinka;Kerwick;kkerwick2p@princeton.edu;Female;Devbug;Brazil;140;68
99;Bary;Skerratt;bskerratt2q@scientificamerican.com;Male;Mydo;Ukraine;172;91
100;Marcellus;Cawsby;mcawsby2r@hexun.com;Male;Skinte;Indonesia;167;86
